{
  "train": {
    "accuracy": 0.8612051455653351,
    "classification_report": {
      "1": {
        "precision": 0.7880184331797235,
        "recall": 0.977515243902439,
        "f1-score": 0.872597380506889,
        "support": 2624.0
      },
      "X": {
        "precision": 0.9854413102820746,
        "recall": 0.7139090309822017,
        "f1-score": 0.8279816513761468,
        "support": 1517.0
      },
      "2": {
        "precision": 0.9266409266409267,
        "recall": 0.8149405772495756,
        "f1-score": 0.8672086720867209,
        "support": 1767.0
      },
      "accuracy": 0.8612051455653351,
      "macro avg": {
        "precision": 0.9000335567009082,
        "recall": 0.8354549507114055,
        "f1-score": 0.8559292346565854,
        "support": 5908.0
      },
      "weighted avg": {
        "precision": 0.8801708452498339,
        "recall": 0.8612051455653351,
        "f1-score": 0.8595296911247338,
        "support": 5908.0
      }
    },
    "log_loss": 0.42925420393201263
  },
  "val": {
    "accuracy": 0.6773207691328155,
    "classification_report": {
      "1": {
        "precision": 0.6668112798264642,
        "recall": 0.856505990526609,
        "f1-score": 0.7498475423832175,
        "support": 3589.0
      },
      "X": {
        "precision": 0.6869275603663614,
        "recall": 0.43953116675546083,
        "f1-score": 0.5360623781676414,
        "support": 1877.0
      },
      "2": {
        "precision": 0.6953966699314398,
        "recall": 0.5948889819857561,
        "f1-score": 0.6412282682321065,
        "support": 2387.0
      },
      "accuracy": 0.6773207691328155,
      "macro avg": {
        "precision": 0.6830451700414217,
        "recall": 0.6303087130892754,
        "f1-score": 0.6423793962609885,
        "support": 7853.0
      },
      "weighted avg": {
        "precision": 0.6803082344621403,
        "recall": 0.6773207691328155,
        "f1-score": 0.665733323532926,
        "support": 7853.0
      }
    },
    "log_loss": 0.6851641623923724
  }
}