{
  "base_model": {
    "train": {
      "accuracy": 0.9699612403100775,
      "precision_yes": 0.9910384818133896,
      "precision_no": 0.9520394441954281,
      "recall_yes": 0.9461499748364368,
      "recall_no": 0.9920597851471276,
      "f1_yes": 0.9680741503604532,
      "f1_no": 0.9716376944190301,
      "f1_macro": 0.9698559223897416,
      "brier_score": 0.042932134856646466,
      "log_loss": 0.16464642321062284,
      "ece": 0.10197140759803797,
      "best_threshold": 0.5,
      "best_f1_macro": 0.9698559223897416,
      "threshold_analysis": {
        "threshold_0.45": {
          "accuracy": 0.968265503875969,
          "f1_macro": 0.9682563759268594,
          "precision_yes": 0.9480927088363109,
          "recall_yes": 0.9881731253145445
        },
        "threshold_0.5": {
          "accuracy": 0.9699612403100775,
          "f1_macro": 0.9698559223897416,
          "precision_yes": 0.9910384818133896,
          "recall_yes": 0.9461499748364368
        },
        "threshold_0.55": {
          "accuracy": 0.9652374031007752,
          "f1_macro": 0.9650703219605017,
          "precision_yes": 0.9967663702506063,
          "recall_yes": 0.9308002013085053
        },
        "threshold_0.6": {
          "accuracy": 0.9533672480620154,
          "f1_macro": 0.9530420987919749,
          "precision_yes": 0.9991655076495132,
          "recall_yes": 0.9038751887267237
        }
      }
    },
    "validation": {
      "accuracy": 0.7416424418604651,
      "precision_yes": 0.7606112054329371,
      "precision_no": 0.727445997458704,
      "recall_yes": 0.6762264150943397,
      "recall_no": 0.8023826208829713,
      "f1_yes": 0.7159408709548541,
      "f1_no": 0.7630789736754415,
      "f1_macro": 0.7395099223151478,
      "brier_score": 0.1464755996574545,
      "log_loss": 0.40617029332478305,
      "ece": 0.0707025103650711,
      "best_threshold": 0.45,
      "best_f1_macro": 0.7416211192599274,
      "threshold_analysis": {
        "threshold_0.45": {
          "accuracy": 0.7416424418604651,
          "f1_macro": 0.7416211192599274,
          "precision_yes": 0.7189728958630528,
          "recall_yes": 0.7607547169811321
        },
        "threshold_0.5": {
          "accuracy": 0.7416424418604651,
          "f1_macro": 0.7395099223151478,
          "precision_yes": 0.7606112054329371,
          "recall_yes": 0.6762264150943397
        },
        "threshold_0.55": {
          "accuracy": 0.7401889534883721,
          "f1_macro": 0.7353267759562842,
          "precision_yes": 0.7893738140417458,
          "recall_yes": 0.6279245283018868
        },
        "threshold_0.6": {
          "accuracy": 0.7438226744186046,
          "f1_macro": 0.735680766844023,
          "precision_yes": 0.8283898305084746,
          "recall_yes": 0.5901886792452831
        }
      }
    }
  },
  "calibrated_model": {
    "train": {
      "accuracy": 0.9383478682170543,
      "precision_yes": 0.9997115661955581,
      "precision_no": 0.8939235748590519,
      "recall_yes": 0.8721690991444389,
      "recall_no": 0.9997664642690332,
      "f1_yes": 0.9315952156968149,
      "f1_no": 0.9438871127769816,
      "f1_macro": 0.9377411642368982,
      "brier_score": 0.10215529563543081,
      "log_loss": 0.3025533169789062,
      "ece": 0.16443535791756947,
      "best_threshold": 0.5,
      "best_f1_macro": 0.9377411642368982,
      "threshold_analysis": {
        "threshold_0.45": {
          "accuracy": 0.8777858527131783,
          "f1_macro": 0.8769034622186846,
          "precision_yes": 0.7976309977916081,
          "recall_yes": 0.9997483643683945
        },
        "threshold_0.5": {
          "accuracy": 0.9383478682170543,
          "f1_macro": 0.9377411642368982,
          "precision_yes": 0.9997115661955581,
          "recall_yes": 0.8721690991444389
        },
        "threshold_0.55": {
          "accuracy": 0.8048691860465116,
          "f1_macro": 0.7937247606681093,
          "precision_yes": 1.0,
          "recall_yes": 0.5946149974836437
        },
        "threshold_0.6": {
          "accuracy": 0.7650193798449613,
          "f1_macro": 0.7462028288253387,
          "precision_yes": 1.0,
          "recall_yes": 0.5118268746854555
        }
      }
    },
    "validation": {
      "accuracy": 0.7481831395348837,
      "precision_yes": 0.8674418604651163,
      "precision_no": 0.6939746300211417,
      "recall_yes": 0.5630188679245283,
      "recall_no": 0.9201121233356693,
      "f1_yes": 0.682837528604119,
      "f1_no": 0.7912021693281108,
      "f1_macro": 0.7370198489661148,
      "brier_score": 0.1331757534449751,
      "log_loss": 0.372171500841543,
      "ece": 6.229573387995471e-09,
      "best_threshold": 0.5,
      "best_f1_macro": 0.7370198489661148,
      "threshold_analysis": {
        "threshold_0.45": {
          "accuracy": 0.737281976744186,
          "f1_macro": 0.7296290936366843,
          "precision_yes": 0.6592592592592592,
          "recall_yes": 0.940377358490566
        },
        "threshold_0.5": {
          "accuracy": 0.7481831395348837,
          "f1_macro": 0.7370198489661148,
          "precision_yes": 0.8674418604651163,
          "recall_yes": 0.5630188679245283
        },
        "threshold_0.55": {
          "accuracy": 0.7474563953488372,
          "f1_macro": 0.7255808114322199,
          "precision_yes": 0.9846153846153847,
          "recall_yes": 0.4830188679245283
        },
        "threshold_0.6": {
          "accuracy": 0.7467296511627907,
          "f1_macro": 0.7235424553150305,
          "precision_yes": 0.9984126984126984,
          "recall_yes": 0.47471698113207544
        }
      }
    },
    "test": {
      "accuracy": 0.7697057755176171,
      "precision_yes": 0.8800880088008801,
      "precision_no": 0.71529284164859,
      "recall_yes": 0.6037735849056604,
      "recall_no": 0.9236694677871149,
      "f1_yes": 0.7162041181736795,
      "f1_no": 0.8062347188264058,
      "f1_macro": 0.7612194185000427,
      "brier_score": 0.1289649697039111,
      "log_loss": 0.3607382169960789,
      "ece": 0.018475915239349168,
      "best_threshold": 0.5,
      "best_f1_macro": 0.7612194185000427,
      "threshold_analysis": {
        "threshold_0.45": {
          "accuracy": 0.7243007628042136,
          "f1_macro": 0.7139371392687153,
          "precision_yes": 0.6449795081967213,
          "recall_yes": 0.950188679245283
        },
        "threshold_0.5": {
          "accuracy": 0.7697057755176171,
          "f1_macro": 0.7612194185000427,
          "precision_yes": 0.8800880088008801,
          "recall_yes": 0.6037735849056604
        },
        "threshold_0.55": {
          "accuracy": 0.7682528151107882,
          "f1_macro": 0.7510849909584087,
          "precision_yes": 0.9872340425531915,
          "recall_yes": 0.5252830188679245
        },
        "threshold_0.6": {
          "accuracy": 0.7682528151107882,
          "f1_macro": 0.7502570778889128,
          "precision_yes": 0.9985486211901307,
          "recall_yes": 0.519245283018868
        }
      }
    }
  },
  "improvements": {
    "brier_score_improvement": 0.0132998462124794,
    "ece_improvement": 0.07070250413549771,
    "f1_improvement": -0.0024900733490329507
  },
  "cross_validation": {
    "f1_macro_mean": 0.7423414776030477,
    "f1_macro_std": 0.009841852077685953
  },
  "calibration_analysis": {
    "val_vs_test_brier_diff": 0.004210783741063984,
    "val_vs_test_ece_diff": 0.01847590900977578,
    "generalization_quality": "Good"
  },
  "feature_info": {
    "total_features": 46,
    "base_features": 16,
    "btts_features": 30,