{
  "train": {
    "accuracy": 1.0,
    "log_loss": 0.07777467867522157,
    "brier_score": 0.010119292363532888,
    "roc_auc": 1.0
  },
  "val": {
    "accuracy": 0.896969696969697,
    "log_loss": 0.2741632547943347,
    "brier_score": 0.08415884707420758,
    "roc_auc": 0.9377528789293496
  },
  "league": "bundesliga",
  "total_matches": 449,
  "train_matches": 284,
  "val_matches": 165,
  "feature_count": 72,
  "calibrated": true
}