{
  "train": {
    "accuracy": 0.8898104265402843,
    "classification_report": {
      "1": {
        "precision": 0.8504609081597815,
        "recall": 0.9493140243902439,
        "f1-score": 0.8971726994417432,
        "support": 2624.0
      },
      "X": {
        "precision": 0.9534700315457413,
        "recall": 0.7969676994067239,
        "f1-score": 0.8682226211849192,
        "support": 1517.0
      },
      "2": {
        "precision": 0.9099941554646406,
        "recall": 0.8811544991511036,
        "f1-score": 0.8953421506612996,
        "support": 1767.0
      },
      "accuracy": 0.8898104265402843,
      "macro avg": {
        "precision": 0.9046416983900545,
        "recall": 0.8758120743160238,
        "f1-score": 0.8869124904293207,
        "support": 5908.0
      },
      "weighted avg": {
        "precision": 0.8947161702051755,
        "recall": 0.8898104265402843,
        "f1-score": 0.8891916824460346,
        "support": 5908.0
      }
    },
    "log_loss": 0.41106121229358467
  },
  "val": {
    "accuracy": 0.6645867821214823,
    "classification_report": {
      "1": {
        "precision": 0.7121290994273816,
        "recall": 0.7623293396489272,
        "f1-score": 0.7363746467501009,
        "support": 3589.0
      },
      "X": {
        "precision": 0.6373707533234859,
        "recall": 0.4597762386787427,
        "f1-score": 0.5341999380996596,
        "support": 1877.0
      },
      "2": {
        "precision": 0.6097101994730899,
        "recall": 0.6786761625471303,
        "f1-score": 0.6423473433782713,
        "support": 2387.0
      },
      "accuracy": 0.6645867821214823,
      "macro avg": {
        "precision": 0.6530700174079858,
        "recall": 0.6335939136249334,
        "f1-score": 0.6376406427426772,
        "support": 7853.0
      },
      "weighted avg": {
        "precision": 0.6631293121068791,
        "recall": 0.6645867821214823,
        "f1-score": 0.6594709027942324,
        "support": 7853.0
      }
    },
    "log_loss": 0.7066275981797766
  }
}