{
  "train": {
    "accuracy": 0.9953703703703703,
    "log_loss": 0.08353990597081419,
    "brier_score": 0.011881578035527375,
    "roc_auc": 1.0
  },
  "val": {
    "accuracy": 0.8878504672897196,
    "log_loss": 0.24166657980554113,
    "brier_score": 0.07830740132142001,
    "roc_auc": 0.9485524256651017
  },
  "league": "primeira_liga",
  "total_matches": 323,
  "train_matches": 216,
  "val_matches": 107,
  "feature_count": 72,
  "calibrated": true
}