{
  "train": {
    "accuracy": 0.9953703703703703,
    "log_loss": 0.10534667250231974,
    "brier_score": 0.017375044272083223,
    "roc_auc": 1.0
  },
  "val": {
    "accuracy": 0.8878504672897196,
    "log_loss": 0.23395589246841633,
    "brier_score": 0.0759457053849577,
    "roc_auc": 0.9555946791862284
  },
  "league": "primeira_liga",
  "total_matches": 323,
  "train_matches": 216,
  "val_matches": 107,
  "feature_count": 72,
  "calibrated": true
}