{
  "train": {
    "accuracy": 0.6465863453815262,
    "log_loss": 0.6013437079613251,
    "brier_score": 0.2063124078080529,
    "roc_auc": 0.8308865047995483
  },
  "val": {
    "accuracy": 0.6838709677419355,
    "log_loss": 0.6008277347957318,
    "brier_score": 0.20648363083326665,
    "roc_auc": 0.6191759722757028
  },
  "league": "ligue_1",
  "total_matches": 404,
  "train_matches": 249,
  "val_matches": 155,
  "feature_count": 72,
  "calibrated": true
}