{
  "train": {
    "accuracy": 0.8941176470588236,
    "log_loss": 0.3243932205497656,
    "brier_score": 0.08990282181889427,
    "roc_auc": 0.9734492815478731
  },
  "val": {
    "accuracy": 0.7482993197278912,
    "log_loss": 0.4939872209831404,
    "brier_score": 0.16664580322656455,
    "roc_auc": 0.811761341974838
  },
  "league": "la_liga",
  "total_matches": 487,
  "train_matches": 340,
  "val_matches": 147,
  "feature_count": 72,
  "calibrated": true
}