{
  "train": {
    "accuracy": 0.736318407960199,
    "log_loss": 0.6225609788335584,
    "brier_score": 0.2151433133247309,
    "roc_auc": 0.8504654387007329
  },
  "val": {
    "accuracy": 0.6460176991150443,
    "log_loss": 0.6399180926179752,
    "brier_score": 0.22545696178459443,
    "roc_auc": 0.6522770398481973
  },
  "league": "championship",
  "total_matches": 314,
  "train_matches": 201,
  "val_matches": 113,
  "feature_count": 72,
  "calibrated": true
}