{
  "train": {
    "accuracy": 1.0,
    "log_loss": 0.05047279592826342,
    "brier_score": 0.004366918892594272,
    "roc_auc": 1.0
  },
  "val": {
    "accuracy": 0.9074074074074074,
    "log_loss": 0.19275918157633504,
    "brier_score": 0.06397714435568466,
    "roc_auc": 0.9698842302878599
  },
  "league": "eredivisie",
  "total_matches": 353,
  "train_matches": 191,
  "val_matches": 162,
  "feature_count": 72,
  "calibrated": true
}