{
  "train": {
    "accuracy": 1.0,
    "log_loss": 0.030199987626548953,
    "brier_score": 0.0017126317049782288,
    "roc_auc": 1.0
  },
  "val": {
    "accuracy": 0.9012345679012346,
    "log_loss": 0.20022797109897994,
    "brier_score": 0.06534498036108341,
    "roc_auc": 0.9705100125156446
  },
  "league": "eredivisie",
  "total_matches": 353,
  "train_matches": 191,
  "val_matches": 162,
  "feature_count": 72,
  "calibrated": true
}