{
  "train": {
    "accuracy": 0.8593432633716994,
    "classification_report": {
      "No": {
        "precision": 0.859504132231405,
        "recall": 0.8742321370837375,
        "f1-score": 0.8668055778169579,
        "support": 3093.0
      },
      "Yes": {
        "precision": 0.8591600289645185,
        "recall": 0.8429840142095915,
        "f1-score": 0.8509951586874663,
        "support": 2815.0
      },
      "accuracy": 0.8593432633716994,
      "macro avg": {
        "precision": 0.8593320805979617,
        "recall": 0.8586080756466645,
        "f1-score": 0.858900368252212,
        "support": 5908.0
      },
      "weighted avg": {
        "precision": 0.8593401764601989,
        "recall": 0.8593432633716994,
        "f1-score": 0.8592723466305126,
        "support": 5908.0
      }
    },
    "log_loss": 0.329226501317491,
    "brier_score": 0.10657965270136631,
    "roc_auc": 0.9465926325358529
  },
  "val": {
    "accuracy": 0.7803387240545014,
    "classification_report": {
      "No": {
        "precision": 0.7707214569227178,
        "recall": 0.816271018793274,
        "f1-score": 0.7928425603458629,
        "support": 4044.0
      },
      "Yes": {
        "precision": 0.7918767507002801,
        "recall": 0.7421895510632712,
        "f1-score": 0.7662284862447486,
        "support": 3809.0
      },
      "accuracy": 0.7803387240545014,
      "macro avg": {
        "precision": 0.7812991038114989,
        "recall": 0.7792302849282726,
        "f1-score": 0.7795355232953057,
        "support": 7853.0
      },
      "weighted avg": {
        "precision": 0.7809825691089822,
        "recall": 0.7803387240545014,
        "f1-score": 0.7799337346421643,
        "support": 7853.0
      }
    },
    "log_loss": 0.34652346029110564,
    "brier_score": 0.12106559955601628,
    "roc_auc": 0.9008002092498402
  }
}