{
  "train": {
    "accuracy": 0.993906567366283,
    "classification_report": {
      "No": {
        "precision": 0.9948203302039494,
        "recall": 0.9935337859683155,
        "f1-score": 0.9941766418634747,
        "support": 3093.0
      },
      "Yes": {
        "precision": 0.9929052855622561,
        "recall": 0.9943161634103019,
        "f1-score": 0.9936102236421726,
        "support": 2815.0
      },
      "accuracy": 0.993906567366283,
      "macro avg": {
        "precision": 0.9938628078831028,
        "recall": 0.9939249746893087,
        "f1-score": 0.9938934327528236,
        "support": 5908.0
      },
      "weighted avg": {
        "precision": 0.9939078639435622,
        "recall": 0.993906567366283,
        "f1-score": 0.9939067591124648,
        "support": 5908.0
      }
    },
    "log_loss": 0.10754441155192225,
    "brier_score": 0.021096908571229197,
    "roc_auc": 0.9998565488219259
  },
  "val": {
    "accuracy": 0.7802113841843882,
    "classification_report": {
      "No": {
        "precision": 0.7940131912734653,
        "recall": 0.7739861523244312,
        "f1-score": 0.7838717756073128,
        "support": 4044.0
      },
      "Yes": {
        "precision": 0.7663001789823575,
        "recall": 0.7868206878445786,
        "f1-score": 0.7764248704663212,
        "support": 3809.0
      },
      "accuracy": 0.7802113841843882,
      "macro avg": {
        "precision": 0.7801566851279114,
        "recall": 0.7804034200845049,
        "f1-score": 0.780148323036817,
        "support": 7853.0
      },
      "weighted avg": {
        "precision": 0.7805713392657192,
        "recall": 0.7802113841843882,
        "f1-score": 0.7802597468689915,
        "support": 7853.0
      }
    },
    "log_loss": 0.4217343670791234,
    "brier_score": 0.14253952249037447,
    "roc_auc": 0.898053740178592
  }
}