{
  "train": {
    "1x2_accuracy": 0.8312457684495599,
    "1x2_log_loss": 0.5635523727309332,
    "ou25_accuracy": 0.8139810426540285,
    "ou25_log_loss": 0.4390679148199724,
    "btts_accuracy": 0.827183480027082,
    "btts_log_loss": 0.42753580455002943
  },
  "validation": {
    "1x2_accuracy": 0.6647141219915955,
    "1x2_log_loss": 0.788395795562233,
    "ou25_accuracy": 0.7667133579523749,
    "ou25_log_loss": 0.49636618063375043,
    "btts_accuracy": 0.7798293645740482,
    "btts_log_loss": 0.4513026843648789
  },
  "test": {
    "1x2_accuracy": 0.6539994464433988,
    "1x2_log_loss": 0.8013033038351399,
    "ou25_accuracy": 0.760088569056186,
    "ou25_log_loss": 0.5042855217009402,
    "btts_accuracy": 0.7745640741765846,
    "btts_log_loss": 0.44910715434462256
  }
}