{
  "train": {
    "1x2_accuracy": 0.8292146242383209,
    "1x2_log_loss": 0.5588864297513269,
    "ou25_accuracy": 0.8117806364251862,
    "ou25_log_loss": 0.4353232902220224,
    "btts_accuracy": 0.8259986459038592,
    "btts_log_loss": 0.42059306680555425
  },
  "validation": {
    "1x2_accuracy": 0.6677702788743155,
    "1x2_log_loss": 0.7917157264441322,
    "ou25_accuracy": 0.7702788743155482,
    "ou25_log_loss": 0.4930062465635783,
    "btts_accuracy": 0.7783012861326881,
    "btts_log_loss": 0.4486636115853388
  },
  "test": {
    "1x2_accuracy": 0.6549681704954332,
    "1x2_log_loss": 0.8100522348687613,
    "ou25_accuracy": 0.7606974813174647,
    "ou25_log_loss": 0.49942301333010086,
    "btts_accuracy": 0.7757265430390258,
    "btts_log_loss": 0.4465652526471632
  }
}