{
  "train": {
    "accuracy": 0.8591740013540962,
    "classification_report": {
      "No": {
        "precision": 0.862688482515239,
        "recall": 0.8693824765599741,
        "f1-score": 0.8660225442834139,
        "support": 3093.0
      },
      "Yes": {
        "precision": 0.8552490146900752,
        "recall": 0.8479573712255772,
        "f1-score": 0.8515875847306458,
        "support": 2815.0
      },
      "accuracy": 0.8591740013540962,
      "macro avg": {
        "precision": 0.8589687486026572,
        "recall": 0.8586699238927757,
        "f1-score": 0.8588050645070298,
        "support": 5908.0
      },
      "weighted avg": {
        "precision": 0.8591437800900805,
        "recall": 0.8591740013540962,
        "f1-score": 0.8591446818695612,
        "support": 5908.0
      }
    },
    "log_loss": 0.3256654281490713,
    "brier_score": 0.10546192088155011,
    "roc_auc": 0.9449810176993945
  },
  "val": {
    "accuracy": 0.7779192665223481,
    "classification_report": {
      "No": {
        "precision": 0.7977731745209736,
        "recall": 0.7618694362017804,
        "f1-score": 0.7794080445231469,
        "support": 4044.0
      },
      "Yes": {
        "precision": 0.758707090954648,
        "recall": 0.7949593069046994,
        "f1-score": 0.7764102564102564,
        "support": 3809.0
      },
      "accuracy": 0.7779192665223481,
      "macro avg": {
        "precision": 0.7782401327378108,
        "recall": 0.7784143715532399,
        "f1-score": 0.7779091504667017,
        "support": 7853.0
      },
      "weighted avg": {
        "precision": 0.7788246564636536,
        "recall": 0.7779192665223481,
        "f1-score": 0.7779540046757002,
        "support": 7853.0
      }
    },
    "log_loss": 0.3476806356762885,
    "brier_score": 0.12194342121467504,
    "roc_auc": 0.900779727019587
  }
}