{
  "train": {
    "accuracy": 0.8955653351387949,
    "classification_report": {
      "No": {
        "precision": 0.8338727076591155,
        "recall": 0.9996766892984158,
        "f1-score": 0.9092780473459785,
        "support": 3093.0
      },
      "Yes": {
        "precision": 0.9995454545454545,
        "recall": 0.7811722912966252,
        "f1-score": 0.8769690927218345,
        "support": 2815.0
      },
      "accuracy": 0.8955653351387949,
      "macro avg": {
        "precision": 0.916709081102285,
        "recall": 0.8904244902975205,
        "f1-score": 0.8931235700339065,
        "support": 5908.0
      },
      "weighted avg": {
        "precision": 0.9128112287297053,
        "recall": 0.8955653351387949,
        "f1-score": 0.893883716393547,
        "support": 5908.0
      }
    },
    "log_loss": 0.34430333253919326,
    "brier_score": 0.11388429055746985,
    "roc_auc": 0.995919451416968
  },
  "val": {
    "accuracy": 0.7965108875588947,
    "classification_report": {
      "No": {
        "precision": 0.7248988598749541,
        "recall": 0.9747774480712166,
        "f1-score": 0.8314701539759545,
        "support": 4044.0
      },
      "Yes": {
        "precision": 0.9577639751552796,
        "recall": 0.6072459963244946,
        "f1-score": 0.7432519280205655,
        "support": 3809.0
      },
      "accuracy": 0.7965108875588947,
      "macro avg": {
        "precision": 0.8413314175151168,
        "recall": 0.7910117221978556,
        "f1-score": 0.78736104099826,
        "support": 7853.0
      },
      "weighted avg": {
        "precision": 0.8378471884249044,
        "recall": 0.7965108875588947,
        "f1-score": 0.7886810004468476,
        "support": 7853.0
      }
    },
    "log_loss": 0.3272958622972623,
    "brier_score": 0.11545010168737606,
    "roc_auc": 0.9014561924371426
  }
}