{
  "train": {
    "accuracy": 0.756093432633717,
    "classification_report": {
      "No": {
        "precision": 0.6821790913101015,
        "recall": 1.0,
        "f1-score": 0.8110659499147764,
        "support": 3093.0
      },
      "Yes": {
        "precision": 1.0,
        "recall": 0.4880994671403197,
        "f1-score": 0.6560038195273334,
        "support": 2815.0
      },
      "accuracy": 0.756093432633717,
      "macro avg": {
        "precision": 0.8410895456550507,
        "recall": 0.7440497335701599,
        "f1-score": 0.733534884721055,
        "support": 5908.0
      },
      "weighted avg": {
        "precision": 0.833612039509503,
        "recall": 0.756093432633717,
        "f1-score": 0.7371830966580648,
        "support": 5908.0
      }
    },
    "log_loss": 0.33917644896971433,
    "brier_score": 0.11343161004598067,
    "roc_auc": 0.9933576017351966
  },
  "val": {
    "accuracy": 0.7946007895071947,
    "classification_report": {
      "No": {
        "precision": 0.7157819989348482,
        "recall": 0.9970326409495549,
        "f1-score": 0.8333161103647825,
        "support": 4044.0
      },
      "Yes": {
        "precision": 0.9945945945945946,
        "recall": 0.5796797059595694,
        "f1-score": 0.7324597777409189,
        "support": 3809.0
      },
      "accuracy": 0.7946007895071947,
      "macro avg": {
        "precision": 0.8551882967647214,
        "recall": 0.7883561734545621,
        "f1-score": 0.7828879440528507,
        "support": 7853.0
      },
      "weighted avg": {
        "precision": 0.8510165814979418,
        "recall": 0.7946007895071947,
        "f1-score": 0.7843970003476812,
        "support": 7853.0
      }
    },
    "log_loss": 0.3250230724325042,
    "brier_score": 0.11507060018422373,
    "roc_auc": 0.9026593530497683
  }
}