{
  "timestamp": "2025-11-13T10:06:28.838382",
  "analysis_period": {
    "baseline_days": 60,
    "analysis_days": 7
  },
  "overall_drift": {
    "detected": true,
    "severity": "critical",
    "score": 3.082534751048605
  },
  "drift_types": {
    "prediction_drift": {
      "detected": true,
      "score": 1.7995890733713222,
      "severity": "critical",
      "details": {
        "drift_detected": true,
        "drift_score": 1.7995890733713222,
        "metrics": {
          "avg_kl_divergence": 0.08005601157255467,
          "max_kl_divergence": 0.13218225977801756,
          "avg_jensen_shannon": 0.14396712586970578,
          "avg_psi": 0.11277671533618859
        },
        "components": {
          "poisson": {
            "kl_divergence": 0.0807035204218037,
            "jensen_shannon": 0.14868268451957092,
            "wasserstein": 0.030722382790624364,
            "psi": 0.09375752227999559,
            "mean_shift": 0.029897196781042412
          },
          "ml": {
            "kl_divergence": 0.06423440021734915,
            "jensen_shannon": 0.13461663242614522,
            "wasserstein": 0.02228845221289035,
            "psi": 0.06466012632851306,
            "mean_shift": 0.002591231684572426
          },
          "elo": {
            "kl_divergence": 0.13218225977801756,
            "jensen_shannon": 0.18276559152431324,
            "wasserstein": 0.04216759592300336,
            "psi": 0.09886460877987072,
            "mean_shift": 0.0380718033229287
          },
          "ensemble": {
            "kl_divergence": 0.043103865873048264,
            "jensen_shannon": 0.10980359500879372,
            "wasserstein": 0.01101827618711954,
            "psi": 0.19382460395637496,
            "mean_shift": 0.0026504142120131746
          }
        }
      }
    },
    "calibration_drift": {
      "detected": true,
      "score": 3.082534751048605,
      "severity": "critical",
      "details": {
        "drift_detected": true,
        "drift_score": 3.082534751048605,
        "components": {
          "poisson": {
            "baseline_ece": 0.1057394860714491,
            "current_ece": 0.19821552860290725,
            "ece_change": 0.09247604253145815,
            "baseline_brier": 0.2232314720359274,
            "current_brier": 0.25335211846227573,
            "brier_change": 0.030120646426348346
          },
          "ml": {
            "baseline_ece": 0.09523022656579648,
            "current_ece": 0.1633416338609525,
            "ece_change": 0.06811140729515601,
            "baseline_brier": 0.20873148984424478,
            "current_brier": 0.20200589758928278,
            "brier_change": 0.006725592254961998
          },
          "elo": {
            "baseline_ece": 0.1759000031682688,
            "current_ece": 0.19249782443489377,
            "ece_change": 0.016597821266624985,
            "baseline_brier": 0.2717710298660892,
            "current_brier": 0.23588384069611154,
            "brier_change": 0.03588718916997766
          },
          "ensemble": {
            "baseline_ece": 0.162593296749215,
            "current_ece": 0.19130510282208454,
            "ece_change": 0.02871180607286955,
            "baseline_brier": 0.18974495382725295,
            "current_brier": 0.19230866108364364,
            "brier_change": 0.002563707256390685
          }
        }
      }
    },
    "league_drift": {
      "detected": false,
      "score": 0.0,
      "severity": "none",
      "details": {
        "drift_detected": false,
        "drift_score": 0.0,
        "leagues": {},
        "cross_league_consistency": 0.0
      }
    }
  },
  "recommendations": [
    "🚨 КРИТИЧЕН DRIFT: Незабавно retraining на моделите",
    "🔄 Активиране на emergency rollback процедури"
  ],
  "summary": {
    "total_drift_types_analyzed": 3,
    "drift_types_detected": 2,
    "max_drift_score": 3.082534751048605,
    "avg_drift_score": 1.6273746081399756
  }
}