{
  "timestamp": "2025-11-13T10:06:28.845910",
  "enabled": true,
  "success": false,
  "leagues_optimized": 5,
  "leagues_updated": 4,
  "league_results": {
    "premier_league": {
      "weights": {
        "poisson": 0.09999999999999998,
        "ml": 0.85,
        "elo": 0.05
      },
      "metrics": {
        "current_log_loss": 0.5311835460618934,
        "new_log_loss": 0.447607917488593,
        "improvement": 0.15733851169321084,
        "optimization_success": "True",
        "samples": 236
      },
      "performance": {
        "poisson": {
          "log_loss": 0.7317209488531242,
          "brier_score": 0.26003431047698705,
          "accuracy": 0.576271186440678,
          "samples": 236
        },
        "ml": {
          "log_loss": 0.4225245811431954,
          "brier_score": 0.13143215893397664,
          "accuracy": 0.8432203389830508,
          "samples": 236
        },
        "elo": {
          "log_loss": 0.9240622469138964,
          "brier_score": 0.3333520130167869,
          "accuracy": 0.4576271186440678,
          "samples": 236
        }
      }
    },
    "ligue_1": {
      "weights": {
        "poisson": 0.18494532448592052,
        "ml": 0.7150546755140794,
        "elo": 0.1
      },
      "metrics": {
        "current_log_loss": 0.5410872201138306,
        "new_log_loss": 0.5201332460107208,
        "improvement": 0.038725686588387126,
        "optimization_success": "True",
        "samples": 236
      },
      "performance": {
        "poisson": {
          "log_loss": 0.6273253228057086,
          "brier_score": 0.21658337922025128,
          "accuracy": 0.6440677966101694,
          "samples": 236
        },
        "ml": {
          "log_loss": 0.5218917357976341,
          "brier_score": 0.1713486287085931,
          "accuracy": 0.7584745762711864,
          "samples": 236
        },
        "elo": {
          "log_loss": 0.8950788724246164,
          "brier_score": 0.3130076547305825,
          "accuracy": 0.4872881355932203,
          "samples": 236
        }
      }
    },
    "bundesliga": {
      "weights": {
        "poisson": 0.1,
        "ml": 0.1,
        "elo": 0.8
      },
      "metrics": {
        "current_log_loss": 0.6182312122385745,
        "new_log_loss": 0.5050704225663488,
        "improvement": 0.18303959333026537,
        "optimization_success": "True",
        "samples": 236
      },
      "performance": {
        "poisson": {
          "log_loss": 0.7987301081314514,
          "brier_score": 0.28514538522003546,
          "accuracy": 0.5,
          "samples": 236
        },
        "ml": {
          "log_loss": 0.748992825163407,
          "brier_score": 0.26718085609169717,
          "accuracy": 0.5550847457627118,
          "samples": 236
        },
        "elo": {
          "log_loss": 0.4918746639713723,
          "brier_score": 0.16235594348716315,
          "accuracy": 0.7754237288135594,
          "samples": 236
        }
      }
    },
    "la_liga": {
      "weights": {
        "poisson": 0.8,
        "ml": 0.10000000000000002,
        "elo": 0.1
      },
      "metrics": {
        "current_log_loss": 0.5728717480978426,
        "new_log_loss": 0.4686612578542184,
        "improvement": 0.18190893614433526,
        "optimization_success": "True",
        "samples": 236
      },
      "performance": {
        "poisson": {
          "log_loss": 0.4539420152589652,
          "brier_score": 0.1399977898224076,
          "accuracy": 0.8220338983050848,
          "samples": 236
        },
        "ml": {
          "log_loss": 0.6922798894856649,
          "brier_score": 0.24762783142295655,
          "accuracy": 0.5508474576271186,
          "samples": 236
        },
        "elo": {
          "log_loss": 0.8607679488695298,
          "brier_score": 0.31186524132067583,
          "accuracy": 0.4745762711864407,
          "samples": 236
        }
      }
    }
  },
  "backup_path": "config/backups/league_weights_20251113_100628.yaml"
}