{
  "train": {
    "accuracy": 0.8312457684495599,
    "classification_report": {
      "Under 2.5": {
        "precision": 0.8207906295754026,
        "recall": 0.8792346298619824,
        "f1-score": 0.849008026654551,
        "support": 3188.0
      },
      "Over 2.5": {
        "precision": 0.8455675892498997,
        "recall": 0.775,
        "f1-score": 0.8087473623633225,
        "support": 2720.0
      },
      "accuracy": 0.8312457684495599,
      "macro avg": {
        "precision": 0.8331791094126512,
        "recall": 0.8271173149309912,
        "f1-score": 0.8288776945089367,
        "support": 5908.0
      },
      "weighted avg": {
        "precision": 0.8321977606374595,
        "recall": 0.8312457684495599,
        "f1-score": 0.8304723112056442,
        "support": 5908.0
      }
    },
    "log_loss": 0.3592630132561286,
    "brier_score": 0.11472063012555325,
    "roc_auc": 0.9285470214591482
  },
  "val": {
    "accuracy": 0.7772825671717815,
    "classification_report": {
      "Under 2.5": {
        "precision": 0.7262830482115086,
        "recall": 0.9163600686779495,
        "f1-score": 0.8103242598416658,
        "support": 4077.0
      },
      "Over 2.5": {
        "precision": 0.8741232927279439,
        "recall": 0.6271186440677966,
        "f1-score": 0.7303006939090209,
        "support": 3776.0
      },
      "accuracy": 0.7772825671717815,
      "macro avg": {
        "precision": 0.8002031704697262,
        "recall": 0.771739356372873,
        "f1-score": 0.7703124768753433,
        "support": 7853.0
      },
      "weighted avg": {
        "precision": 0.7973698638608221,
        "recall": 0.7772825671717815,
        "f1-score": 0.7718461005443695,
        "support": 7853.0
      }
    },
    "log_loss": 0.413233957622079,
    "brier_score": 0.13847658499976537,
    "roc_auc": 0.8775147855580916
  }
}