{
  "train": {
    "accuracy": 0.8353080568720379,
    "classification_report": {
      "Under 2.5": {
        "precision": 0.8157969774736242,
        "recall": 0.8974278544542033,
        "f1-score": 0.8546676624346528,
        "support": 3188.0
      },
      "Over 2.5": {
        "precision": 0.8638067471886713,
        "recall": 0.7625,
        "f1-score": 0.8099980472563952,
        "support": 2720.0
      },
      "accuracy": 0.8353080568720379,
      "macro avg": {
        "precision": 0.8398018623311478,
        "recall": 0.8299639272271015,
        "f1-score": 0.832332854845524,
        "support": 5908.0
      },
      "weighted avg": {
        "precision": 0.8379003243972749,
        "recall": 0.8353080568720379,
        "f1-score": 0.8341020982361319,
        "support": 5908.0
      }
    },
    "log_loss": 0.3593146062107819,
    "brier_score": 0.11453865027986714,
    "roc_auc": 0.9303589056387926
  },
  "val": {
    "accuracy": 0.7751177893798549,
    "classification_report": {
      "Under 2.5": {
        "precision": 0.7211483253588516,
        "recall": 0.9242089771891097,
        "f1-score": 0.8101483551924318,
        "support": 4077.0
      },
      "Over 2.5": {
        "precision": 0.882420091324201,
        "recall": 0.6141419491525424,
        "f1-score": 0.7242348532167395,
        "support": 3776.0
      },
      "accuracy": 0.7751177893798549,
      "macro avg": {
        "precision": 0.8017842083415263,
        "recall": 0.7691754631708261,
        "f1-score": 0.7671916042045857,
        "support": 7853.0
      },
      "weighted avg": {
        "precision": 0.7986934913190145,
        "recall": 0.7751177893798549,
        "f1-score": 0.7688381064390618,
        "support": 7853.0
      }
    },
    "log_loss": 0.41734487080207605,
    "brier_score": 0.14005463654754313,
    "roc_auc": 0.8756140728996478
  }
}