{
  "train": {
    "accuracy": 0.5938566552901023,
    "log_loss": 0.639987631416418,
    "brier_score": 0.22409476272828038,
    "roc_auc": 0.8549695740365112
  },
  "val": {
    "accuracy": 0.6666666666666666,
    "log_loss": 0.6306341632750648,
    "brier_score": 0.219500244977952,
    "roc_auc": 0.540983606557377
  },
  "league": "serie_a",
  "total_matches": 476,
  "train_matches": 293,
  "val_matches": 183,
  "feature_count": 72,
  "calibrated": true
}