{
  "meta_model_type": "xgboost",
  "calibrate": true,
  "use_original_features": false,
  "feature_importance": {
    "1x2": [
      0.08927691727876663,
      0.06367788463830948,
      0.058783844113349915,
      0.23283123970031738,
      0.2805655300617218,
      0.2748645842075348
    ],
    "ou25": [
      0.2290511578321457,
      0.7709488272666931
    ],
    "btts": [
      0.16519498825073242,
      0.8348049521446228
    ]
  }
}