{
  "train": {
    "accuracy_1x2": 0.5443466486120515,
    "accuracy_over25": 0.6325321597833446,
    "accuracy_btts": 0.6020649966147597,
    "log_loss_1x2": 0.9546293326764765,
    "log_loss_over25": 0.6371369167266683,
    "log_loss_btts": 0.65952256788681,
    "mean_lambda_home": 1.7952216596029726,
    "mean_lambda_away": 1.2641335550637862,
    "mean_expected_goals": 3.0593552146667586
  },
  "validation": {
    "accuracy_1x2": 0.4580415127976569,
    "accuracy_over25": 0.5222208073347765,
    "accuracy_btts": 0.5246402648669298,
    "log_loss_1x2": 1.0696454380115712,
    "log_loss_over25": 0.7069385675885816,
    "log_loss_btts": 0.7052781142811709,
    "mean_lambda_home": 1.637825540990267,
    "mean_lambda_away": 1.2168935150901117,
    "mean_expected_goals": 2.854719056080379
  },
  "test": {
    "accuracy_1x2": 0.45505120398560756,
    "accuracy_over25": 0.5053971768613341,
    "accuracy_btts": 0.5018544146138942,
    "log_loss_1x2": 1.0784265876858117,
    "log_loss_over25": 0.7087440123507746,
    "log_loss_btts": 0.7042880269025918,
    "mean_lambda_home": 1.5993433486275945,
    "mean_lambda_away": 1.219220662136116,
    "mean_expected_goals": 2.8185640107637107
  }
}